{
  "IcoMoonType": "selection",
  "icons": [
    {
      "icon": {
        "paths": [
          "M768 256l-512 512",
          "M256 256l512 512"
        ],
        "attrs": [
          {
            "fill": "none",
            "strokeLinejoin": "round",
            "strokeLinecap": "round",
            "strokeMiterlimit": "4",
            "strokeWidth": 55.46666666666667
          },
          {
            "fill": "none",
            "strokeLinejoin": "round",
            "strokeLinecap": "round",
            "strokeMiterlimit": "4",
            "strokeWidth": 55.46666666666667
          }
        ],
        "grid": 0,
        "tags": [
          "x"
        ]
      },
      "attrs": [
        {
          "fill": "none",
          "strokeLinejoin": "round",
          "strokeLinecap": "round",
          "strokeMiterlimit": "4",
          "strokeWidth": 55.46666666666667
        },
        {
          "fill": "none",
          "strokeLinejoin": "round",
          "strokeLinecap": "round",
          "strokeMiterlimit": "4",
          "strokeWidth": 55.46666666666667
        }
      ],
      "properties": {
        "order": 23,
        "id": 0,
        "name": "x",
        "prevSize": 32
      },
      "setIdx": 0,
      "setId": 11,
      "iconIdx": 0
    },
    {
      "icon": {
        "paths": [
          "M-278.261-292.565h1419.13v1433.6h-1419.13v-1433.6z"
        ],
        "attrs": [
          {}
        ],
        "width": 890,
        "isMulticolor": false,
        "isMulticolor2": false,
        "grid": 0,
        "tags": [
          "header-icon"
        ]
      },
      "attrs": [
        {}
      ],
      "properties": {
        "order": 24,
        "id": 2,
        "name": "header-icon",
        "prevSize": 32
      },
      "setIdx": 1,
      "setId": 10,
      "iconIdx": 0
    },
    {
      "icon": {
        "paths": [
          "M-284.444-292.556h1450.667v1433.6h-1450.667v-1433.6z"
        ],
        "attrs": [
          {}
        ],
        "width": 910,
        "isMulticolor": false,
        "isMulticolor2": false,
        "grid": 0,
        "tags": [
          "header-icon-mob"
        ]
      },
      "attrs": [
        {}
      ],
      "properties": {
        "order": 25,
        "id": 1,
        "name": "header-icon-mob",
        "prevSize": 32
      },
      "setIdx": 1,
      "setId": 10,
      "iconIdx": 1
    },
    {
      "icon": {
        "paths": [
          "M85.333 255.787c0-23.467 19.029-42.453 42.453-42.453h341.76c11.26 0 22.059 4.473 30.020 12.434s12.433 18.76 12.433 30.019c0 11.259-4.471 22.057-12.433 30.019s-18.761 12.434-30.020 12.434h-341.76c-11.259 0-22.057-4.473-30.019-12.434s-12.434-18.76-12.434-30.019zM85.333 512c0-23.467 19.029-42.453 42.453-42.453h768.427c11.26 0 22.059 4.471 30.020 12.433s12.433 18.761 12.433 30.020c0 11.26-4.471 22.059-12.433 30.020s-18.761 12.433-30.020 12.433h-768.427c-11.259 0-22.057-4.471-30.019-12.433s-12.434-18.761-12.434-30.020zM127.787 725.76c-11.259 0-22.057 4.471-30.019 12.433s-12.434 18.761-12.434 30.020c0 11.26 4.473 22.059 12.434 30.020s18.76 12.433 30.019 12.433h512.427c11.26 0 22.059-4.471 30.020-12.433s12.433-18.761 12.433-30.020c0-11.26-4.471-22.059-12.433-30.020s-18.761-12.433-30.020-12.433h-512.427z"
        ],
        "attrs": [
          {
            "fill": "rgb(246, 245, 239)"
          }
        ],
        "isMulticolor": false,
        "isMulticolor2": false,
        "grid": 0,
        "tags": [
          "menu-left"
        ]
      },
      "attrs": [
        {
          "fill": "rgb(246, 245, 239)"
        }
      ],
      "properties": {
        "order": 26,
        "id": 0,
        "name": "menu-left",
        "prevSize": 32
      },
      "setIdx": 1,
      "setId": 10,
      "iconIdx": 2
    }
  ],
  "height": 1024,
  "preferences": {
    "showGlyphs": true,
    "showQuickUse": true,
    "showQuickUse2": true,
    "showSVGs": true,
    "fontPref": {
      "prefix": "icon-",
      "metadata": {
        "fontFamily": "icomoon"
      },
      "metrics": {
        "emSize": 1024,
        "baseline": 6.25,
        "whitespace": 50
      },
      "embed": false
    },
    "imagePref": {
      "prefix": "icon-",
      "png": true,
      "useClassSelector": true,
      "color": 0,
      "bgColor": 16777215,
      "classSelector": ".icon",
      "name": "icomoon111",
      "height": 32,
      "columns": 16,
      "margin": 16
    },
    "historySize": 50,
    "showCodes": true,
    "gridSize": 16
  }
}